{
	"pos": {
		"x": -27.689178937273617,
		"y": 76,
		"z": -48.519394560430136
	}
}