{
	"pos" : {
		"x" : 9,
		"y" : 37,
		"z" : -76
	},
	"pos1": {
		"x": -27.689178937273617,
		"y": 76,
		"z": -48.519394560430136
	}
}