{
	"src1": {
		"x": -1218,
		"y": 82,
		"z": -1313
	},
	"src2": {
		"x": -1195,
		"y": 82,
		"z": -1282
	},
	"dest": {
		"x": -153.96316235398552,
		"y": 29,
		"z": -187.16139210566297
	}
}