{
	"src1": {
		"x": 75.32298035664509,
		"y": -60,
		"z": 293.50669970615155
	},
	"src2": {
		"x": 71.65864830391484,
		"y": -60,
		"z": 297.4935157326764
	},
	"dest": {
		"x": 41.5,
		"y": -60,
		"z": 313.49961363249014
	}
}